Ana Silva,(11) 98765-4321,ana.silva@email.com
Bruno Souza,(21) 99988-7766,bruno.souza@dominio.com
Carla Mendes,(31) 98877-6655,carla.m@empresa.org
Diego Rocha,(47) 99111-2233,diego.rocha@site.net
Elaine Costa,(85) 99223-3445,elaine.costa@email.com
Fábio Lima,(62) 99654-7788,fabio.lima@empresa.com
Gabriela Alves,(19) 99876-1122,gabriela.a@contato.com
Henrique Duarte,(27) 99123-4455,henrique.duarte@provedor.com
Isabela Martins,(41) 99345-6677,isabela.martins@email.org
João Pedro,(51) 98765-8899,joao.pedro@site.com
Larissa Nogueira,(34) 99456-7788,larissa.ngr@dominio.org
Marcelo Tavares,(13) 99001-2233,marcelo.tavares@empresa.net
Natália Freitas,(98) 99678-3344,natalia.freitas@contato.com
Otávio Ramos,